cell_id,latitude,longitude,2015,2016,2017,2018,2019,2020,2021,2022,2023,2024,2025
C001,23.89967813399987,90.36602600600327,32.55909090909097,31.438000000000045,30.999090909090967,31.557272727272732,31.58846153846156,32.62555555555559,33.383333333333326,31.83000000000004,33.13666666666671,32.4616666666667,31.366363636363644
C002,23.89967813399987,90.37500915884446,33.35727272727274,32.874000000000024,32.36400000000003,31.870000000000005,33.210000000000036,34.903333333333364,34.08692307692314,32.94400000000002,34.861666666666736,33.14000000000004,31.712000000000046
C003,23.89967813399987,90.38399231168566,33.89181818181822,32.46833333333336,33.24800000000005,33.30200000000002,33.99000000000001,35.56750000000005,34.72384615384618,33.52800000000002,35.56666666666672,34.402727272727304,32.39400000000006
C004,23.89967813399987,90.39297546452686,34.55833333333334,33.397272727272764,33.898000000000025,34.53000000000003,34.66285714285715,36.275000000000034,35.37153846153848,35.00500000000005,36.20500000000004,34.73333333333335,33.06400000000002
C005,23.89967813399987,90.42890807589164,33.38000000000005,31.03363636363639,31.759230769230783,31.478571428571456,33.20142857142861,34.08777777777783,34.29909090909092,32.55400000000003,34.10333333333335,33.397272727272764,31.393636363636404
C006,23.89967813399987,90.43789122873284,31.010000000000048,30.397272727272764,29.83571428571429,30.230000000000018,31.027142857142906,32.10200000000003,32.83909090909094,31.2211111111111,32.80666666666673,31.176153846153852,30.05363636363637
C007,23.89967813399987,90.44687438157403,31.010000000000048,30.397272727272764,29.83571428571429,30.230000000000018,31.027142857142906,32.10200000000003,32.83909090909094,31.2211111111111,32.80666666666673,31.176153846153852,30.05363636363637
C008,23.89967813399987,90.45585753441522,30.295714285714325,29.99000000000001,29.222000000000037,29.700666666666677,30.00142857142862,30.890000000000043,31.935454545454604,30.32800000000003,31.978333333333353,30.474615384615447,29.48454545454547
C009,23.89967813399987,90.46484068725641,29.955333333333385,29.608181818181833,28.74333333333334,28.863333333333344,29.484666666666726,30.03000000000003,30.900000000000034,29.78636363636366,31.720909090909117,29.923333333333346,29.051666666666733
C010,23.890694981158674,90.35704285316207,30.746000000000038,30.04454545454547,29.404545454545485,29.444545454545448,29.960000000000036,31.024000000000058,30.896000000000015,29.918000000000006,30.64428571428573,30.08076923076925,28.86500000000001
C011,23.890694981158674,90.36602600600327,31.226363636363658,30.57181818181823,29.996000000000038,30.475454545454568,30.68384615384622,31.53400000000005,32.208181818181856,31.02800000000002,31.902307692307716,31.4715384615385,29.775000000000034
C012,23.890694981158674,90.37500915884446,32.97909090909093,32.30600000000004,31.84400000000005,32.02818181818185,32.67714285714288,33.50777777777779,34.14000000000004,32.51800000000003,34.1546153846154,33.08692307692314,31.46111111111111
C013,23.890694981158674,90.38399231168566,34.29363636363638,32.541666666666686,33.31,34.05000000000001,34.23428571428576,35.76111111111112,35.50384615384621,35.08250000000004,35.82538461538462,34.702727272727316,32.67599999999999
C014,23.890694981158674,90.39297546452686,34.39000000000004,32.99800000000005,33.900000000000034,34.414000000000044,34.72142857142859,36.172222222222274,35.71153846153851,34.387777777777785,36.18384615384622,34.76272727272732,33.172222222222274
C015,23.890694981158674,90.41992492305044,34.60833333333335,33.160909090909115,33.49800000000005,33.486666666666736,34.072857142857174,35.24600000000004,35.46500000000003,33.860909090909104,35.363333333333344,34.34000000000003,32.26166666666671
C016,23.890694981158674,90.42890807589164,33.360000000000014,32.35200000000003,32.34333333333336,31.796153846153857,33.30142857142863,34.25800000000004,34.77181818181822,33.04454545454547,34.39333333333337,33.27800000000002,31.78666666666669
C017,23.890694981158674,90.43789122873284,31.700769230769254,31.06400000000002,30.976666666666688,30.677999999999997,31.928571428571445,32.739090909090976,33.68818181818182,32.08000000000004,33.34000000000003,31.99000000000001,30.666363636363656
C018,23.890694981158674,90.44687438157403,30.97142857142859,30.614000000000033,30.103846153846177,30.03000000000003,30.804285714285754,31.686363636363694,31.591818181818212,31.208000000000027,32.650000000000034,31.239090909090976,29.995454545454606
C019,23.890694981158674,90.45585753441522,30.404285714285777,30.355999999999995,29.699230769230837,29.61375000000004,30.32000000000005,31.06272727272733,30.873636363636365,30.698888888888916,31.760769230769256,30.686363636363694,29.50090909090909
C020,23.890694981158674,90.46484068725641,29.995714285714314,30.03000000000003,28.906666666666695,29.022000000000048,29.81714285714287,30.58454545454549,30.310000000000002,30.088000000000022,31.438333333333333,30.177272727272737,28.89833333333337
C021,23.88171182831748,90.35704285316207,31.893333333333374,30.73727272727274,29.998333333333335,30.58090909090913,30.571538461538523,31.900000000000034,32.041666666666686,30.55444444444447,32.01000000000005,30.975714285714332,29.666363636363656
C022,23.88171182831748,90.36602600600327,32.73166666666668,31.502727272727327,30.52000000000004,31.602727272727293,31.60076923076923,32.896000000000015,33.22333333333336,32.05000000000001,33.185384615384635,32.47000000000003,30.80600000000004
C023,23.88171182831748,90.37500915884446,33.668000000000006,32.76636363636368,32.33600000000001,32.54818181818183,33.05307692307696,34.51000000000005,34.74538461538464,33.49888888888893,34.64500000000004,33.36500000000001,31.947777777777787
C024,23.88171182831748,90.38399231168566,33.508333333333326,32.8366666666667,33.096000000000004,34.08400000000006,33.83857142857147,35.385555555555584,35.20230769230773,34.09000000000003,35.30846153846153,34.47909090909093,32.72333333333336
C025,23.88171182831748,90.39297546452686,33.738333333333344,33.173333333333346,33.26000000000005,33.77400000000006,34.22285714285715,35.627777777777794,35.170000000000016,33.679090909090974,35.21923076923082,34.29363636363638,32.428
C026,23.88171182831748,90.40195861736805,33.83545454545458,32.946363636363685,33.04000000000002,32.98272727272729,33.860000000000014,35.57200000000006,34.87833333333333,33.462000000000046,34.965384615384664,34.05363636363637,32.174000000000035
C027,23.88171182831748,90.41094177020925,33.89833333333337,32.679090909090974,32.962000000000046,33.18692307692311,33.78142857142859,35.39000000000004,35.06636363636369,33.56636363636369,34.9223076923077,33.96818181818185,32.01000000000005
C028,23.88171182831748,90.41992492305044,33.05000000000001,32.82800000000003,32.74454545454546,31.87714285714287,33.27428571428578,34.57800000000003,34.55363636363637,33.31363636363636,34.49153846153848,33.58272727272731,31.558333333333337
C029,23.88171182831748,90.42890807589164,32.38076923076926,32.21800000000002,31.798333333333346,30.976666666666688,32.737142857142885,33.78200000000004,33.97181818181821,32.786,34.05769230769232,32.7227272727273,31.023846153846193
C030,23.88171182831748,90.43789122873284,31.630000000000052,31.690000000000055,30.950000000000045,30.44428571428574,31.723846153846182,32.37888888888892,33.231818181818255,31.915999999999997,33.113333333333344,32.33545454545458,30.436000000000035
C031,23.88171182831748,90.44687438157403,31.114615384615433,30.988,30.248333333333335,30.036153846153866,30.99461538461543,31.726,31.49363636363637,31.187777777777796,32.56,31.404545454545485,30.095454545454572
C032,23.88171182831748,90.45585753441522,30.514285714285734,30.524000000000058,29.28333333333336,29.458571428571418,30.508461538461574,31.193636363636415,30.966363636363667,30.578888888888912,31.571538461538523,30.76636363636368,29.24333333333334
C033,23.88171182831748,90.46484068725641,30.09857142857146,29.860909090909104,29.035714285714278,28.958000000000027,29.960769230769245,30.697272727272775,30.660909090909115,30.065000000000055,31.485000000000014,30.271666666666704,28.978333333333353
C034,23.872728675476285,90.35704285316207,33.156666666666695,32.37600000000003,30.671818181818253,31.642727272727313,31.602857142857147,33.55222222222227,33.153333333333364,32.110000000000014,33.339230769230824,31.75333333333333,30.452000000000055
C035,23.872728675476285,90.36602600600327,33.83333333333337,32.786,31.51727272727277,32.97000000000003,32.099230769230815,34.00333333333333,33.923333333333346,32.652222222222235,34.2638461538462,32.45166666666671,31.075000000000045
C036,23.872728675476285,90.37500915884446,33.97833333333335,33.15833333333336,32.39200000000005,33.226,32.81857142857143,34.3944444444445,34.31666666666672,33.20111111111112,34.86538461538464,33.61909090909097,32.22000000000003
C037,23.872728675476285,90.38399231168566,33.68833333333333,33.83000000000004,32.467777777777826,33.620000000000005,33.73571428571432,34.696666666666715,34.67500000000001,34.147500000000036,34.88846153846157,33.97545454545457,32.42750000000001
C038,23.872728675476285,90.39297546452686,33.648181818181854,33.33727272727276,31.83000000000004,33.38400000000007,33.64714285714291,34.77200000000005,34.72000000000003,33.87600000000003,34.80538461538464,33.950000000000045,31.946363636363685
C039,23.872728675476285,90.40195861736805,33.950000000000045,33.422000000000025,32.17545454545461,33.11833333333334,33.883333333333326,35.124000000000024,34.65500000000003,34.04599999999999,35.076153846153886,33.899090909090944,31.91833333333335
C040,23.872728675476285,90.41094177020925,34.38538461538462,33.667777777777815,32.528333333333364,33.57000000000005,34.3126666666667,35.13000000000005,35.08818181818185,34.08600000000001,35.21615384615387,33.957272727272766,32.16833333333335
C041,23.872728675476285,90.41992492305044,33.77153846153851,33.400000000000034,32.24666666666673,32.30230769230775,33.98428571428576,34.398000000000025,34.868181818181824,33.892222222222244,34.713076923076926,33.27181818181822,31.935454545454604
C042,23.872728675476285,90.42890807589164,32.92384615384623,32.388000000000034,31.335000000000036,31.323846153846205,33.19857142857143,33.942000000000064,34.33909090909094,32.762500000000045,33.935,32.96818181818185,31.02800000000002
C043,23.872728675476285,90.43789122873284,31.606666666666683,31.180909090909097,30.873636363636365,30.400769230769242,31.965384615384664,32.736666666666736,33.11181818181825,31.735000000000014,33.021666666666704,32.48272727272729,30.49200000000002
C044,23.872728675476285,90.44687438157403,30.937692307692316,30.81181818181824,30.06636363636369,29.98333333333335,31.111538461538487,31.59200000000004,32.10400000000004,31.392222222222244,31.966923076923138,31.364545454545464,29.875454545454602
C045,23.872728675476285,90.45585753441522,30.406923076923135,30.348181818181843,29.268333333333374,29.403333333333364,30.366923076923115,31.139090909090953,31.02636363636367,30.434000000000026,31.49769230769232,30.664545454545475,29.193333333333328
C046,23.872728675476285,90.46484068725641,30.12714285714287,29.870000000000005,28.831538461538514,28.923333333333346,30.121666666666727,30.717272727272757,30.991818181818246,29.944000000000017,31.363333333333344,30.348181818181843,28.82666666666671
C047,23.872728675476285,90.47382384009761,30.287142857142896,30.246363636363697,29.017692307692357,29.296153846153857,30.465714285714284,31.340000000000032,31.758333333333326,30.156000000000006,31.623846153846216,30.648181818181854,29.30230769230775
C048,23.86374552263509,90.35704285316207,33.01833333333337,31.964000000000055,30.255454545454597,31.3154545454546,31.292857142857144,33.53666666666669,32.811666666666724,31.152222222222235,33.18076923076927,31.640000000000043,30.238888888888937
C049,23.86374552263509,90.36602600600327,33.910000000000025,32.99000000000001,30.917272727272746,31.424545454545466,31.862857142857195,33.55400000000003,33.383333333333326,32.12555555555559,33.57923076923083,31.9616666666667,30.810000000000002
C050,23.86374552263509,90.37500915884446,34.123333333333335,32.55600000000004,31.902000000000044,32.63400000000007,31.9071428571429,33.704000000000065,33.8518181818182,32.478888888888946,33.97461538461545,32.27000000000004,30.883333333333326
C051,23.86374552263509,90.38399231168566,33.170000000000016,32.72333333333336,31.944000000000017,32.79000000000002,32.332857142857165,34.33000000000004,33.870000000000005,33.21500000000003,34.35615384615386,32.31833333333333,31.39250000000004
C052,23.86374552263509,90.39297546452686,34.155454545454575,33.210000000000036,32.238,32.934000000000026,33.3857142857143,34.46555555555557,34.51666666666671,33.690000000000055,34.740769230769274,33.56090909090909,31.876000000000033
C053,23.86374552263509,90.40195861736805,33.87615384615384,33.2136363636364,31.617999999999995,33.12272727272733,33.55714285714288,34.81444444444446,34.85500000000002,34.14200000000005,35.23461538461544,34.07181818181823,32.06818181818181
C054,23.86374552263509,90.41094177020925,34.5423076923077,33.439090909090964,32.18333333333334,33.56636363636369,33.9113333333334,35.35200000000003,34.9616666666667,34.30200000000002,35.41923076923081,34.360909090909104,32.186666666666724
C055,23.86374552263509,90.41992492305044,34.22230769230771,33.25000000000006,32.413333333333355,33.236666666666736,33.75533333333334,35.19400000000002,35.31181818181824,34.11200000000002,35.26230769230773,34.10636363636365,32.15923076923082
C056,23.86374552263509,90.42890807589164,33.51461538461541,32.57600000000002,31.82666666666671,32.22333333333336,33.60285714285715,34.2766666666667,34.657272727272755,33.198888888888916,34.69923076923084,33.25909090909096,31.742307692307747
C057,23.86374552263509,90.43789122873284,32.66833333333335,31.962000000000046,31.093636363636392,30.71153846153851,32.84538461538466,33.47000000000003,33.75000000000006,32.35000000000002,33.40833333333336,32.7827272727273,30.897272727272764
C058,23.86374552263509,90.44687438157403,31.25333333333333,31.01666666666671,29.919230769230808,30.074615384615413,31.674615384615436,32.35000000000002,32.69400000000002,31.712500000000034,32.65500000000003,31.844545454545482,30.344545454545482
C059,23.86374552263509,90.45585753441522,30.80230769230775,30.99333333333334,29.838333333333367,29.846666666666692,30.957692307692355,31.655454545454575,32.39200000000005,31.2211111111111,31.9715384615385,31.521666666666704,29.703333333333376
C060,23.86374552263509,90.46484068725641,30.632857142857176,30.563333333333333,29.49166666666673,29.631666666666717,30.48692307692312,31.220909090909117,32.05200000000002,30.967777777777826,31.61615384615385,31.245000000000005,29.611666666666736
C061,23.86374552263509,90.47382384009761,30.354615384615443,30.153333333333364,29.05333333333334,29.53909090909093,30.33333333333337,31.102727272727293,31.690000000000055,30.658888888888953,31.528461538461556,31.011818181818228,29.548461538461538
C062,23.854762369793896,90.34805970032087,30.471818181818207,28.892857142857167,28.699090909090955,28.79000000000002,29.8366666666667,31.33181818181822,30.846000000000004,29.616000000000042,31.598333333333358,30.325000000000045,29.120000000000005
C063,23.854762369793896,90.35704285316207,31.453636363636406,30.59400000000005,29.386000000000024,30.468181818181847,30.738,32.03727272727275,31.730000000000018,30.248000000000047,32.13166666666672,30.635000000000048,29.705555555555577
C064,23.854762369793896,90.36602600600327,32.831666666666706,31.414000000000044,30.32800000000003,31.068181818181813,31.467142857142903,32.914000000000044,32.61833333333334,31.443333333333328,33.05307692307696,31.261666666666713,30.078888888888912
C065,23.854762369793896,90.37500915884446,33.08636363636367,31.84400000000005,30.912000000000035,32.04599999999999,31.74285714285719,33.55800000000005,33.22333333333336,31.723333333333358,33.79307692307697,31.663333333333355,30.81600000000003
C066,23.854762369793896,90.38399231168566,32.78818181818184,32.29666666666668,31.420000000000016,32.05000000000001,32.447142857142865,34.44777777777779,33.84666666666669,32.61888888888893,34.25461538461542,32.160000000000025,31.23599999999999
C067,23.854762369793896,90.39297546452686,33.57666666666671,32.96818181818185,31.260000000000048,32.397272727272764,33.6357142857143,34.75000000000006,35.07363636363641,33.57727272727277,35.24384615384622,33.54454545454547,32.33222222222224
C068,23.854762369793896,90.40195861736805,34.25461538461542,33.57363636363641,31.677272727272737,33.05909090909097,34.190000000000055,35.163333333333355,35.731818181818255,34.25727272727278,35.84692307692313,34.450000000000045,32.80800000000005
C069,23.854762369793896,90.41094177020925,34.170000000000016,33.26272727272732,32.06,32.72333333333336,33.96333333333337,35.17599999999999,35.47000000000003,34.121111111111134,35.650000000000034,34.938000000000045,32.3009090909091
C070,23.854762369793896,90.41992492305044,33.24857142857144,32.64090909090913,31.496153846153845,32.4666666666667,33.05000000000001,34.33800000000002,34.78090909090912,33.3944444444445,34.700769230769254,33.54818181818183,31.630000000000052
C071,23.854762369793896,90.42890807589164,32.3314285714286,31.42500000000001,30.74166666666673,31.55000000000001,32.57000000000005,33.80111111111114,34.06636363636369,32.31600000000003,33.58833333333337,32.859090909090924,30.79400000000004
C072,23.854762369793896,90.43789122873284,31.843846153846187,30.81307692307695,29.850000000000023,30.772000000000048,31.602307692307704,32.99250000000001,33.03000000000003,31.995000000000005,32.653076923076924,31.762000000000057,30.378000000000043
C073,23.854762369793896,90.44687438157403,30.792857142857144,30.556153846153848,29.730000000000018,30.251666666666722,30.89615384615388,31.746000000000038,32.50000000000006,31.30111111111114,32.05307692307696,31.255000000000052,29.953636363636406
C074,23.854762369793896,90.45585753441522,30.33125000000001,30.663333333333355,29.568333333333328,30.04000000000002,30.556153846153848,31.418000000000006,31.32272727272732,31.02555555555557,31.71153846153851,31.018333333333374,29.731666666666683
C075,23.854762369793896,90.46484068725641,30.077500000000043,30.198333333333323,29.17166666666668,29.40833333333336,30.578333333333376,31.326000000000022,31.281666666666695,31.2811111111111,31.893076923076933,31.18166666666673,30.060000000000002
C076,23.854762369793896,90.47382384009761,30.36466666666672,30.630000000000052,29.185384615384635,29.903333333333364,31.210000000000036,32.421111111111145,32.76833333333337,31.752222222222258,32.493076923076956,31.760909090909138,30.41307692307697
C077,23.8457792169527,90.33907654747968,29.51909090909095,28.58000000000004,27.977272727272748,28.088333333333367,29.035714285714278,30.018333333333374,30.182727272727334,28.61545454545461,30.3366666666667,29.043846153846175,28.590000000000032
C078,23.8457792169527,90.34805970032087,29.904545454545485,28.64846153846156,28.08454545454549,28.435000000000002,29.18428571428575,30.260000000000048,30.473333333333358,28.828333333333376,30.703333333333376,29.755000000000052,28.545999999999992
C079,23.8457792169527,90.35704285316207,31.24454545454546,29.875454545454602,29.173636363636376,29.64833333333337,30.331538461538514,31.33000000000004,31.223333333333358,29.40500000000003,31.606666666666683,30.275000000000034,29.024000000000058
C080,23.8457792169527,90.36602600600327,32.22333333333336,30.930000000000007,30.171818181818253,31.139090909090953,31.276153846153875,32.617999999999995,32.33000000000004,30.204545454545496,32.68076923076927,31.388181818181806,30.09444444444449
C081,23.8457792169527,90.37500915884446,32.29727272727274,31.13400000000007,30.719090909090937,31.933636363636367,31.76285714285717,34.08777777777783,33.33000000000004,31.434444444444466,33.66076923076923,31.939090909090964,30.72800000000001
C082,23.8457792169527,90.38399231168566,32.686666666666724,32.198888888888916,30.946363636363685,32.03909090909093,32.62142857142862,34.51666666666671,33.700000000000045,32.652222222222235,34.25461538461542,32.35727272727274,31.26800000000003
C083,23.8457792169527,90.39297546452686,33.703333333333376,33.170000000000016,30.76636363636368,32.63545454545459,33.26285714285717,35.29222222222228,34.495000000000005,33.50555555555559,35.150000000000034,33.51400000000007,32.108000000000004
C084,23.8457792169527,90.40195861736805,34.21833333333336,33.610000000000014,31.796153846153857,33.07181818181823,33.80142857142863,35.670000000000016,35.37500000000006,34.421111111111145,36.46230769230772,34.80200000000002,32.690000000000055
C085,23.8457792169527,90.41094177020925,33.17285714285714,32.431818181818244,31.510000000000048,31.91833333333335,32.67133333333339,34.89400000000006,35.29545454545456,33.85888888888894,35.268461538461565,34.936000000000035,32.25400000000002
C086,23.8457792169527,90.41992492305044,32.28000000000003,31.495000000000005,30.539230769230812,31.323846153846205,32.123333333333335,33.96600000000001,34.110000000000014,32.346000000000004,34.2146153846154,32.884545454545446,31.413636363636385
C087,23.8457792169527,90.42890807589164,31.91307692307697,30.748461538461527,29.885000000000048,30.631666666666717,31.415333333333365,33.01666666666671,33.22636363636366,31.75444444444446,32.88384615384621,32.17500000000001,30.275000000000034
C088,23.8457792169527,90.43789122873284,31.21285714285716,30.46384615384619,29.450000000000045,30.513333333333378,30.820666666666682,32.29599999999999,32.710000000000036,31.54777777777781,32.47769230769234,31.463333333333367,29.877272727272725
C089,23.8457792169527,90.44687438157403,30.941250000000025,30.437692307692316,29.69166666666672,30.44166666666672,30.937692307692316,32.04000000000002,32.10818181818183,31.188000000000045,32.1438461538462,31.180909090909097,30.200000000000045
C090,23.8457792169527,90.45585753441522,30.353750000000048,30.350000000000023,29.636666666666713,31.112000000000023,31.05000000000001,31.890000000000043,31.857272727272743,31.414444444444484,32.374615384615424,31.27909090909094,30.576000000000022
C091,23.8457792169527,90.46484068725641,30.077500000000043,30.41500000000002,29.38846153846157,31.03545454545457,31.535000000000025,32.47181818181821,32.61909090909097,32.512500000000045,32.894615384615406,32.23363636363638,30.668000000000006
C092,23.8457792169527,90.47382384009761,32.04714285714289,31.53000000000003,30.278333333333364,31.593333333333362,32.1546153846154,34.19250000000005,33.18076923076927,33.097500000000025,33.89500000000004,32.58090909090913,30.82200000000006
C093,23.836796064111503,90.33907654747968,29.83000000000004,28.82000000000005,28.253076923076947,28.477142857142894,29.188571428571436,29.957272727272766,29.998000000000047,28.55400000000003,30.363333333333344,28.91307692307697,28.50090909090909
C094,23.836796064111503,90.34805970032087,29.870000000000005,28.606923076923124,28.173636363636376,28.39615384615388,29.325714285714298,30.200000000000045,30.346363636363662,29.04272727272729,30.64833333333337,29.53000000000003,28.80400000000003
C095,23.836796064111503,90.35704285316207,31.496153846153845,29.586923076923142,29.675454545454613,30.315000000000055,30.925384615384644,31.278333333333364,31.876666666666722,29.95833333333337,32.05166666666673,30.693076923076944,29.56800000000004
C096,23.836796064111503,90.36602600600327,32.788333333333355,30.81666666666672,30.8154545454546,31.051666666666733,31.7038461538462,33.196666666666715,32.84500000000003,30.720909090909117,33.01333333333338,32.23000000000002,30.466000000000008
C097,23.836796064111503,90.37500915884446,33.26333333333338,31.26818181818186,31.03727272727275,31.660909090909115,32.16714285714289,33.80111111111114,33.01000000000005,31.362727272727284,33.291666666666686,32.21909090909094,30.612000000000023
C098,23.836796064111503,90.38399231168566,32.39500000000004,31.128000000000043,30.873636363636365,31.32272727272732,31.855714285714328,33.94777777777779,33.08333333333337,31.938888888888926,33.30000000000001,32.377272727272725,30.812000000000012
C099,23.836796064111503,90.39297546452686,32.15500000000003,31.892222222222244,30.126666666666722,31.475454545454568,31.891428571428605,34.08555555555557,33.35833333333335,32.156666666666695,33.578333333333376,32.51400000000007,30.964000000000055
C100,23.836796064111503,90.40195861736805,32.86500000000001,32.60111111111115,30.746666666666727,32.05363636363637,32.65285714285716,34.440000000000055,34.1516666666667,32.7455555555556,34.25500000000005,33.30000000000001,31.864000000000033
C101,23.836796064111503,90.41094177020925,33.2714285714286,32.57200000000006,31.060909090909092,32.162727272727295,32.80733333333336,34.99444444444447,35.55545454545461,33.27000000000004,35.22833333333335,34.35000000000002,32.56600000000003
C102,23.836796064111503,90.41992492305044,32.90857142857146,31.510000000000048,31.44285714285718,32.185,32.639333333333354,34.83888888888896,35.2736363636364,33.35400000000004,35.13500000000005,33.84636363636366,32.416
C103,23.836796064111503,90.42890807589164,32.417692307692334,31.182857142857188,31.408571428571463,31.54818181818183,32.3006666666667,34.02000000000004,34.03363636363639,32.56400000000002,34.22500000000002,33.12272727272733,31.159090909090935
C104,23.836796064111503,90.43789122873284,31.968461538461554,31.453076923076935,31.017142857142915,30.945384615384626,31.630000000000052,33.52200000000005,33.3936363636364,32.09400000000005,33.217692307692346,32.416666666666686,30.424545454545466
C105,23.836796064111503,90.44687438157403,32.11400000000003,31.511666666666713,30.755000000000052,30.842307692307713,31.191428571428617,32.912000000000035,32.531666666666695,31.858000000000004,32.839230769230824,32.10666666666668,30.190000000000055
C106,23.836796064111503,90.45585753441522,31.82000000000005,31.11615384615385,30.936153846153843,31.619230769230796,31.54692307692312,32.98599999999999,32.45461538461541,31.603333333333353,32.87615384615384,32.10666666666668,30.355454545454563
C107,23.836796064111503,90.46484068725641,31.193750000000023,31.53000000000003,30.639090909090953,32.33545454545458,32.11833333333334,33.610000000000014,32.7146153846154,32.337500000000034,33.35615384615386,32.363333333333344,31.04111111111115
C108,23.836796064111503,90.47382384009761,30.91375000000005,31.433333333333337,30.53000000000003,32.37909090909096,32.24846153846153,34.262500000000045,33.06076923076927,32.86750000000001,33.84076923076924,32.74333333333334,30.78400000000005
C109,23.836796064111503,90.4828069929388,32.295714285714325,32.72454545454548,30.984000000000037,33.01200000000006,32.47923076923081,34.62500000000006,33.3869230769231,32.34777777777782,34.42666666666673,32.85166666666669,30.984000000000037
C110,23.82781291127031,90.33907654747968,29.699230769230837,28.56636363636369,28.140000000000043,28.6357142857143,28.984666666666726,29.75769230769231,30.117999999999995,28.702000000000055,30.69500000000005,29.39615384615388,28.55400000000003
C111,23.82781291127031,90.34805970032087,30.814615384615422,29.193333333333328,29.366000000000042,29.756153846153836,30.785714285714278,31.27181818181822,31.818333333333328,30.057272727272732,32.09333333333336,30.785384615384658,29.644000000000062
C112,23.82781291127031,90.35704285316207,33.7166666666667,31.160909090909115,31.130000000000052,31.393333333333374,32.28076923076924,33.25727272727278,33.699090909090955,31.702000000000055,33.77333333333337,32.09769230769234,30.980000000000018
C113,23.82781291127031,90.36602600600327,34.3366666666667,32.2918181818182,32.44090909090909,33.179090909090974,33.4715384615385,34.624000000000024,34.13000000000005,32.21600000000001,34.690000000000055,32.645384615384614,31.484000000000037
C114,23.82781291127031,90.37500915884446,34.328333333333376,32.446363636363685,32.682727272727334,33.03909090909093,33.48000000000002,35.03000000000003,34.24000000000001,32.46454545454549,34.685,32.92833333333334,31.686000000000035
C115,23.82781291127031,90.38399231168566,32.9616666666667,31.838000000000022,31.048333333333346,32.13363636363641,32.30857142857144,34.48400000000004,33.897272727272764,32.33200000000005,34.04333333333335,32.80833333333334,31.474000000000046
C116,23.82781291127031,90.39297546452686,32.531666666666695,32.19400000000002,30.534615384615392,31.742307692307747,32.40857142857146,34.51727272727277,33.931818181818244,32.239090909090976,33.642307692307725,32.97000000000003,31.52800000000002
C117,23.82781291127031,90.40195861736805,32.99333333333334,32.33000000000004,30.4616666666667,31.58846153846156,32.48000000000002,34.03000000000003,34.413636363636385,32.49800000000005,33.83769230769235,33.00272727272733,31.450000000000045
C118,23.82781291127031,90.41094177020925,33.34692307692313,32.61222222222227,31.059230769230794,31.891538461538516,32.80857142857144,34.26636363636368,34.957272727272766,32.96600000000001,34.276153846153875,33.435454545454604,32.05444444444447
C119,23.82781291127031,90.41992492305044,33.46692307692314,32.0266666666667,31.399230769230826,32.153333333333364,33.11857142857144,34.94400000000002,34.81181818181824,33.24400000000003,34.97166666666669,33.60272727272729,32.06400000000002
C120,23.82781291127031,90.42890807589164,33.20538461538462,32.166666666666686,31.575714285714298,32.19461538461542,32.99666666666673,34.448000000000036,34.25727272727278,32.942000000000064,34.396666666666704,33.41166666666669,31.373636363636365
C121,23.82781291127031,90.43789122873284,32.51153846153852,32.10846153846154,31.60538461538465,31.255714285714305,32.11933333333337,33.678,33.58636363636367,32.40400000000005,33.58000000000004,32.86666666666673,30.717272727272757
C122,23.82781291127031,90.44687438157403,32.66285714285715,31.84538461538466,31.19500000000005,31.52428571428578,31.902857142857158,33.51000000000005,32.80833333333334,32.185555555555595,33.370000000000005,32.37166666666673,30.355000000000018
C123,23.82781291127031,90.45585753441522,33.094285714285775,32.13000000000005,31.7766666666667,32.123333333333335,32.36857142857144,34.04200000000003,32.950000000000045,32.160000000000025,33.63000000000005,32.36666666666673,30.42833333333334
C124,23.82781291127031,90.46484068725641,32.64000000000004,32.74454545454546,32.138888888888914,32.18333333333334,32.58538461538461,34.478888888888946,33.09307692307692,32.49444444444447,34.025000000000034,32.706666666666706,30.932000000000016
C125,23.82781291127031,90.47382384009761,31.970000000000027,32.99600000000004,31.587500000000034,31.996666666666727,32.417692307692334,34.432500000000005,33.119230769230796,32.44777777777779,34.325000000000045,32.60833333333335,31.140000000000043
C126,23.82781291127031,90.4828069929388,31.983846153846173,33.58111111111111,31.307500000000005,32.605999999999995,32.26538461538462,34.02000000000004,33.16846153846154,32.07200000000006,33.79000000000002,32.578333333333376,31.172000000000025
C127,23.82781291127031,90.49179014578,31.81307692307695,32.638000000000034,30.508000000000038,31.926363636363646,31.660000000000025,33.795000000000016,32.938571428571436,32.09888888888895,33.559230769230794,32.24454545454546,30.850000000000023
C128,23.818829758429114,90.33907654747968,29.999230769230792,29.219090909090937,28.620000000000005,28.553076923076958,29.386000000000024,29.871538461538478,30.390000000000043,29.170000000000016,30.92166666666668,29.26230769230773,28.886000000000024
C129,23.818829758429114,90.34805970032087,31.933636363636367,30.7918181818182,29.860000000000014,30.57666666666671,31.223333333333358,31.545000000000016,32.47333333333336,30.8154545454546,32.660000000000025,31.465384615384664,29.900000000000034
C130,23.818829758429114,90.35704285316207,34.655454545454575,32.548,31.98818181818183,32.203333333333376,33.32846153846157,34.450000000000045,33.96500000000003,32.96090909090913,34.34833333333336,32.88076923076926,31.677999999999997
C131,23.818829758429114,90.36602600600327,35.55000000000001,34.11400000000003,33.402727272727304,33.46272727272731,34.339230769230824,35.738,35.04666666666668,34.50200000000001,35.541666666666686,33.24230769230775,32.35200000000003
C132,23.818829758429114,90.37500915884446,35.575000000000045,32.78454545454548,33.623333333333335,33.870000000000005,33.92714285714288,35.88000000000005,35.07666666666671,33.80272727272728,35.498333333333335,34.123333333333335,32.36600000000004
C133,23.818829758429114,90.38399231168566,33.29461538461544,32.55666666666673,31.658000000000015,32.25461538461542,33.07142857142861,35.117272727272734,34.53333333333336,33.11909090909097,34.11153846153849,33.33909090909094,31.982000000000028
C134,23.818829758429114,90.39297546452686,33.30384615384622,32.565000000000055,31.08333333333337,32.14200000000005,32.87714285714287,34.459090909090946,33.996153846153845,32.71545454545458,33.823846153846205,33.22818181818184,31.686000000000035
C135,23.818829758429114,90.40195861736805,33.363846153846225,32.42833333333334,30.83000000000004,32.110000000000014,32.53266666666667,34.1809090909091,34.126923076923106,32.25909090909096,33.90384615384619,33.120909090909095,31.688000000000045
C136,23.818829758429114,90.41094177020925,33.75153846153853,32.47833333333335,31.182307692307745,32.25000000000006,32.88714285714292,34.60200000000003,34.32846153846157,32.646363636363674,34.2392307692308,33.324545454545444,32.03222222222223
C137,23.818829758429114,90.41992492305044,33.79615384615386,32.99727272727273,31.723846153846182,32.63615384615383,33.27571428571429,35.07800000000003,34.628181818181815,33.32200000000006,34.835000000000036,33.80833333333334,31.764000000000067
C138,23.818829758429114,90.42890807589164,33.210000000000036,32.610000000000014,32.025000000000034,31.827142857142917,32.765714285714296,33.7645454545455,34.06454545454545,32.948000000000036,34.17666666666673,33.35500000000002,31.208000000000027
C139,23.818829758429114,90.43789122873284,32.73000000000002,32.613333333333344,31.835000000000036,31.202000000000055,32.06,33.22000000000003,33.47727272727275,31.974000000000046,33.200000000000045,32.53666666666669,30.335000000000036
C140,23.818829758429114,90.44687438157403,32.95857142857142,32.778333333333364,32.210000000000036,31.525714285714287,32.17307692307696,34.26777777777778,32.980769230769226,31.84400000000005,33.30166666666673,32.278333333333364,30.078333333333376
C141,23.818829758429114,90.45585753441522,33.31714285714287,33.56090909090909,32.888181818181806,32.48333333333335,32.85857142857145,35.236666666666736,33.57307692307694,32.32400000000007,34.038333333333355,32.63166666666672,30.76818181818186
C142,23.818829758429114,90.46484068725641,33.23000000000002,34.47000000000003,32.190000000000055,32.5916666666667,32.900000000000034,35.55000000000001,34.00166666666672,33.15250000000003,34.76500000000004,33.06833333333333,31.29000000000002
C143,23.818829758429114,90.47382384009761,32.718571428571465,34.110000000000014,31.658888888888953,32.859090909090924,32.47461538461545,34.96333333333337,34.686666666666724,32.81250000000006,34.95833333333337,33.18000000000001,32.045000000000016
C144,23.818829758429114,90.4828069929388,31.936666666666724,33.25444444444446,31.63250000000005,33.06600000000003,32.131428571428614,34.2211111111111,34.166666666666686,32.58000000000004,34.72833333333335,32.77909090909094,31.060000000000002
C145,23.818829758429114,90.49179014578,31.596666666666692,32.11400000000003,30.53200000000004,31.725000000000023,31.50857142857143,33.29888888888894,33.46500000000003,32.04000000000002,33.314285714285745,32.09909090909093,30.480000000000018
C146,23.809846605587918,90.33907654747968,31.350000000000023,29.933636363636367,29.37833333333333,30.193333333333328,30.50200000000001,31.126923076923106,31.748461538461527,30.430000000000007,32.110000000000014,30.953076923076935,29.81400000000002
C147,23.809846605587918,90.34805970032087,34.00666666666672,32.146363636363674,30.797142857142887,31.480000000000018,32.870000000000005,33.09000000000003,33.42833333333334,31.925999999999988,33.79000000000002,32.12076923076927,30.867999999999995
C148,23.809846605587918,90.35704285316207,35.26166666666671,33.29000000000002,32.2038461538462,33.87600000000003,34.31461538461542,35.33181818181822,34.57666666666671,33.24285714285719,34.619230769230796,33.331666666666706,31.248000000000047
C149,23.809846605587918,90.36602600600327,35.75769230769231,33.22833333333335,32.8857142857143,33.84090909090912,34.38714285714292,36.06,35.40833333333336,33.95857142857142,35.12846153846158,33.93833333333333,32.47444444444449
C150,23.809846605587918,90.37500915884446,35.75769230769231,33.22833333333335,32.8857142857143,33.84090909090912,34.38714285714292,36.06,35.40833333333336,33.95857142857142,35.12846153846158,33.93833333333333,32.47444444444449
C151,23.809846605587918,90.38399231168566,35.325000000000045,33.23363636363638,32.57000000000005,33.74454545454546,33.87142857142862,36.362727272727284,35.41166666666669,33.98272727272729,35.59500000000003,34.30454545454546,32.50800000000004
C152,23.809846605587918,90.39297546452686,33.960769230769245,33.10000000000002,32.158000000000015,32.91285714285715,33.51142857142861,35.62272727272733,34.83833333333337,33.51000000000005,34.93923076923079,33.8154545454546,32.18833333333333
C153,23.809846605587918,90.40195861736805,33.51166666666671,32.93000000000001,31.419230769230808,32.7526666666667,33.05266666666671,35.08818181818185,34.26000000000005,33.186363636363694,34.62076923076927,33.695454545454595,31.870000000000005
C154,23.809846605587918,90.41094177020925,33.72666666666669,32.43000000000001,31.176153846153852,32.61400000000003,32.77133333333336,34.96600000000001,34.33307692307693,32.76272727272732,34.480769230769226,33.46090909090913,31.995454545454606
C155,23.809846605587918,90.41992492305044,34.24666666666673,32.83000000000004,32.02538461538467,32.778333333333364,33.53000000000003,35.32800000000003,34.88636363636368,33.29200000000003,35.03666666666669,33.57545454545459,32.174444444444475
C156,23.809846605587918,90.42890807589164,34.39615384615388,32.73363636363638,32.610000000000014,32.700000000000045,33.938571428571436,35.153636363636394,34.5266666666667,33.23200000000003,35.16833333333335,33.89333333333337,32.07800000000003
C157,23.809846605587918,90.43789122873284,33.58833333333337,32.63545454545459,32.1438461538462,31.73428571428576,32.94285714285718,34.71909090909094,34.08833333333337,32.49400000000003,34.2038461538462,33.17666666666673,31.137272727272773
C158,23.809846605587918,90.44687438157403,33.19153846153853,33.67181818181825,32.935,31.740769230769274,32.99857142857144,35.32555555555558,34.00230769230774,32.681111111111136,34.0315384615385,32.95166666666671,30.846363636363662
C159,23.809846605587918,90.45585753441522,33.31769230769231,33.75181818181824,33.10272727272729,32.788333333333355,33.54846153846154,35.936666666666724,34.71833333333336,32.658000000000015,34.690000000000055,33.021666666666704,31.184000000000026
C160,23.809846605587918,90.46484068725641,33.16384615384618,34.702000000000055,32.78636363636366,32.775000000000034,33.36571428571432,36.51000000000005,35.62636363636369,32.918000000000006,35.44166666666672,33.446666666666715,31.50400000000002
C161,23.809846605587918,90.47382384009761,33.17307692307696,33.900000000000034,32.43000000000001,32.64166666666671,33.01857142857142,36.418888888888944,35.83909090909094,33.70500000000004,35.94833333333332,33.70833333333337,32.16555555555556
C162,23.809846605587918,90.4828069929388,33.44454545454545,33.82600000000002,32.124000000000024,33.30600000000004,32.69428571428574,35.79000000000002,35.653636363636394,33.04555555555555,35.62833333333333,33.84500000000003,32.23750000000001
C163,23.800863452746725,90.33907654747968,31.943333333333328,30.01727272727277,30.677142857142883,30.470000000000027,30.886000000000024,32.00000000000006,32.13000000000005,30.595454545454572,32.84666666666669,32.134615384615415,30.650000000000034
C164,23.800863452746725,90.34805970032087,33.95615384615388,32.452000000000055,30.862307692307752,31.82666666666671,32.19857142857143,33.43363636363637,34.05200000000002,31.966000000000008,33.92166666666668,32.91615384615386,31.415999999999997
C165,23.800863452746725,90.35704285316207,35.24166666666673,33.33000000000004,31.940769230769263,32.87833333333333,33.96428571428578,35.2645454545455,34.73727272727274,32.84846153846155,35.03307692307692,33.2992307692308,31.638000000000034
C166,23.800863452746725,90.36602600600327,35.43615384615384,33.670000000000016,32.64333333333337,34.01400000000007,34.26285714285717,35.81181818181824,34.685384615384635,33.24230769230775,34.932666666666705,33.52538461538467,31.608181818181833
C167,23.800863452746725,90.37500915884446,35.69923076923084,33.87181818181824,32.950000000000045,34.146000000000015,34.2114285714286,35.87500000000006,34.9823076923077,33.57333333333332,35.20714285714291,33.73000000000002,32.1611111111111
C168,23.800863452746725,90.38399231168566,34.22000000000003,32.80333333333334,32.35571428571433,33.525000000000034,34.06714285714287,35.703333333333376,34.74538461538464,33.72833333333335,35.18571428571431,33.50500000000005,32.13363636363641
C169,23.800863452746725,90.39297546452686,33.94076923076926,32.38636363636368,32.02428571428578,33.25153846153853,33.554285714285754,35.02090909090913,34.65833333333336,33.45166666666671,34.479333333333386,33.56666666666672,31.860000000000014
C170,23.800863452746725,90.40195861736805,33.370000000000005,32.166666666666686,31.708461538461563,32.52285714285716,32.86733333333336,34.55727272727273,34.21923076923082,33.05909090909097,34.12428571428575,33.298333333333346,31.716153846153873
C171,23.800863452746725,90.41094177020925,33.373333333333335,32.26272727272732,31.5214285714286,32.85500000000002,32.888666666666666,34.79888888888894,34.39166666666671,32.92636363636365,34.06142857142862,33.041666666666686,31.723333333333358
C172,23.800863452746725,90.41992492305044,33.58846153846156,32.8336363636364,32.16384615384618,33.18333333333334,33.55000000000001,35.32636363636368,34.21500000000003,33.427777777777806,34.93833333333333,33.210000000000036,31.938888888888926
C173,23.800863452746725,90.42890807589164,34.05000000000001,32.815000000000055,32.674615384615436,32.78538461538466,33.67428571428576,35.39833333333337,34.56333333333333,33.670000000000016,35.07307692307694,33.79666666666668,32.24000000000001
C174,23.800863452746725,90.43789122873284,33.20142857142861,32.69166666666672,32.51461538461541,32.55307692307696,33.19857142857143,34.85000000000002,34.7746153846154,33.09500000000003,34.74692307692311,33.41833333333335,31.55181818181825
C175,23.800863452746725,90.44687438157403,32.85142857142864,33.01500000000004,32.99166666666673,32.48000000000002,33.131428571428614,35.65888888888895,34.94833333333332,33.307500000000005,35.06,33.14500000000004,31.628000000000043
C176,23.800863452746725,90.45585753441522,32.89307692307693,33.50800000000004,32.71909090909094,32.446666666666715,33.555714285714316,35.44400000000002,35.2736363636364,32.78555555555556,34.78000000000003,33.35500000000002,31.377272727272725
C177,23.800863452746725,90.46484068725641,32.39833333333337,32.97000000000003,33.08600000000001,32.46500000000003,33.14000000000004,36.02333333333337,34.49166666666673,33.01222222222225,35.31833333333333,33.38833333333338,31.720000000000027
C178,23.800863452746725,90.47382384009761,32.11153846153849,32.72200000000004,32.58400000000006,32.68818181818182,32.85571428571433,35.57000000000005,34.39833333333337,33.565000000000055,35.27333333333337,33.650000000000034,32.20500000000004
C179,23.800863452746725,90.4828069929388,32.24454545454546,33.170000000000016,32.83000000000004,32.65400000000005,32.93461538461543,35.34333333333336,34.396666666666704,33.307500000000005,35.01000000000005,33.3009090909091,31.614000000000033
C180,23.79188029990553,90.33907654747968,33.88166666666672,32.34076923076924,31.72692307692313,32.120000000000005,32.95285714285717,33.57545454545459,34.01333333333338,32.17833333333334,34.03000000000003,33.19923076923084,31.21923076923082
C181,23.79188029990553,90.34805970032087,35.20600000000002,32.99666666666673,31.75142857142862,33.02636363636367,33.70692307692309,34.89000000000004,34.30833333333334,32.73727272727274,34.84833333333336,33.74230769230775,31.880909090909086
C182,23.79188029990553,90.35704285316207,35.31400000000002,33.26142857142861,32.68333333333334,34.184000000000026,34.190000000000055,35.670000000000016,34.245714285714314,33.01000000000005,34.7793333333334,33.80692307692311,31.84200000000004
C183,23.79188029990553,90.36602600600327,35.43333333333334,33.23153846153849,32.950000000000045,33.31,34.18571428571431,35.98818181818183,34.61769230769232,33.05333333333334,34.875333333333344,33.57769230769236,31.633636363636413
C184,23.79188029990553,90.37500915884446,35.19333333333333,33.87909090909096,32.85857142857145,33.238333333333344,34.32714285714292,35.831666666666706,34.63000000000005,32.88833333333338,35.02733333333339,33.89333333333337,32.06333333333333
C185,23.79188029990553,90.38399231168566,34.12666666666672,33.30833333333334,32.37153846153848,32.93571428571431,34.28428571428577,35.666666666666686,34.859230769230805,33.25000000000006,34.946000000000026,33.57333333333332,32.094615384615395
C186,23.79188029990553,90.39297546452686,33.83769230769235,33.06090909090909,31.99333333333334,32.62428571428575,33.658000000000015,35.00230769230774,34.42714285714288,33.05000000000001,34.64866666666666,33.35833333333335,31.911428571428644
C187,23.79188029990553,90.40195861736805,33.55615384615385,32.47500000000002,31.68846153846158,32.19142857142862,32.886000000000024,34.98272727272729,34.16846153846154,33.07363636363641,34.23400000000004,33.15833333333336,31.4614285714286
C188,23.79188029990553,90.41094177020925,33.610000000000014,32.791666666666686,31.5266666666667,32.43153846153848,32.68333333333334,34.40538461538466,33.67166666666668,32.953636363636406,34.37142857142862,32.82333333333332,31.400769230769242
C189,23.79188029990553,90.41992492305044,34.12600000000003,32.80538461538464,32.60384615384618,32.7166666666667,33.61266666666671,34.91615384615386,34.25333333333333,33.168181818181836,34.53571428571428,32.99000000000001,32.01600000000002
C190,23.79188029990553,90.42890807589164,34.57142857142861,33.01333333333338,33.15923076923082,33.186363636363694,33.965714285714284,35.736153846153854,34.713076923076926,33.66555555555556,35.52076923076925,33.91500000000002,32.26800000000003
C191,23.79188029990553,90.43789122873284,33.700000000000045,32.77000000000004,32.60384615384618,32.200000000000045,33.35285714285715,35.09333333333336,34.220769230769235,33.26555555555558,34.706666666666706,33.39333333333337,32.11400000000003
C192,23.79188029990553,90.44687438157403,32.651428571428596,32.35727272727274,31.476666666666688,32.04272727272729,32.85615384615386,34.408000000000015,33.54000000000002,32.44250000000005,34.44166666666672,32.778333333333364,31.32200000000006
C193,23.79188029990553,90.45585753441522,31.79933333333338,32.47200000000004,31.323846153846205,31.673333333333346,32.612857142857195,34.33600000000001,33.43307692307695,31.78800000000001,34.30500000000001,32.78333333333336,30.79333333333335
C194,23.79188029990553,90.46484068725641,31.092857142857156,31.417272727272746,31.065000000000055,31.370000000000005,31.99000000000001,33.46818181818185,33.036153846153866,31.557272727272732,33.85333333333335,31.973333333333358,30.422307692307697
C195,23.79188029990553,90.47382384009761,30.500769230769265,30.981666666666683,30.735000000000014,30.263333333333378,31.410000000000025,32.7827272727273,32.555714285714316,31.620000000000005,33.283846153846184,31.646666666666704,29.777142857142906
C196,23.79188029990553,90.4828069929388,30.053076923076958,30.948461538461572,30.98090909090911,30.84538461538466,31.30000000000001,32.56272727272733,32.56076923076927,32.03444444444449,33.01857142857142,32.417272727272746,30.161428571428644
C197,23.782897147064332,90.33907654747968,32.906923076923135,31.6571428571429,30.76142857142861,31.463333333333367,32.65285714285716,34.07000000000005,33.161428571428644,31.805000000000007,33.74230769230775,33.000769230769265,30.777142857142906
C198,23.782897147064332,90.34805970032087,34.06230769230774,32.48428571428576,31.659230769230817,32.410000000000025,33.25666666666672,35.166,33.74857142857144,32.488333333333344,34.49000000000001,33.276153846153875,31.834615384615404
C199,23.782897147064332,90.35704285316207,34.468461538461554,33.00142857142862,32.53461538461539,33.924545454545466,33.632666666666694,35.3154545454546,34.072857142857174,33.203333333333376,34.99428571428575,33.677692307692325,32.043846153846175
C200,23.782897147064332,90.36602600600327,34.97307692307692,33.10285714285715,32.84384615384619,34.07000000000005,33.61375000000004,35.610000000000014,33.920000000000016,33.09833333333336,35.11142857142863,33.46230769230772,31.56714285714287
C201,23.782897147064332,90.37500915884446,35.233076923076965,33.40538461538466,32.54333333333335,33.38076923076926,33.51533333333333,35.43363636363637,34.33307692307693,32.906666666666695,34.67285714285714,33.686363636363694,31.52000000000004
C202,23.782897147064332,90.38399231168566,35.22000000000003,33.27307692307693,32.416666666666686,33.23153846153849,33.51266666666669,35.10454545454547,34.97769230769234,32.76666666666671,35.00384615384621,33.70500000000004,31.930000000000007
C203,23.782897147064332,90.39297546452686,34.85000000000002,33.19500000000005,32.468571428571465,32.823846153846205,33.59533333333337,35.15500000000003,35.08000000000004,33.24333333333334,35.08230769230772,33.673333333333346,32.206666666666706
C204,23.782897147064332,90.40195861736805,34.70230769230773,33.416666666666686,32.56,33.457692307692355,33.97266666666667,35.2146153846154,34.241250000000036,33.82200000000006,34.72733333333338,33.883333333333326,32.16166666666669
C205,23.782897147064332,90.41094177020925,34.70230769230773,33.416666666666686,32.56,33.457692307692355,33.97266666666667,35.2146153846154,34.241250000000036,33.82200000000006,34.72733333333338,33.883333333333326,32.16166666666669
C206,23.782897147064332,90.41992492305044,34.42692307692312,33.456666666666706,32.19857142857143,33.06076923076927,34.01142857142861,35.02076923076925,33.433529411764766,33.11545454545461,34.380666666666684,33.39000000000004,31.99461538461543
C207,23.782897147064332,90.42890807589164,33.70733333333334,32.86666666666673,31.49000000000001,32.55285714285719,33.382857142857176,35.200000000000045,33.175882352941244,32.82090909090908,34.160666666666714,33.117272727272734,31.693333333333328
C208,23.782897147064332,90.43789122873284,34.05266666666671,33.06,31.715000000000032,32.626923076923106,33.73000000000002,35.256153846153836,33.64285714285717,33.400000000000034,34.00600000000003,33.44166666666672,31.77545454545458
C209,23.782897147064332,90.44687438157403,33.02466666666669,31.360000000000014,30.74692307692311,31.168461538461543,32.000769230769265,34.03666666666669,32.64866666666666,32.238,32.89400000000006,32.235000000000014,30.79666666666668
C210,23.782897147064332,90.45585753441522,30.838000000000022,30.013076923076937,29.28857142857146,29.534285714285772,30.331538461538514,31.79000000000002,30.866250000000036,30.328181818181804,31.415333333333365,31.203333333333376,29.516153846153884
C211,23.782897147064332,90.46484068725641,29.975333333333367,30.006363636363687,28.902857142857158,29.16384615384618,29.860000000000014,31.77000000000004,30.647333333333393,30.260909090909138,31.382000000000062,31.215000000000032,29.36571428571432
C212,23.782897147064332,90.47382384009761,29.025714285714287,29.288333333333355,29.05181818181825,28.897692307692353,29.642857142857167,30.917692307692334,30.485714285714323,30.08818181818185,31.51923076923083,31.185000000000002,29.445384615384626
C213,23.782897147064332,90.4828069929388,28.940666666666687,28.863333333333344,28.513333333333378,28.400769230769242,29.401428571428596,29.297142857142887,30.920769230769224,30.04272727272729,31.7392307692308,30.883333333333326,29.13428571428574
C214,23.77391399422314,90.33907654747968,30.850000000000023,30.893636363636404,29.30733333333336,30.54666666666668,31.421428571428635,32.02090909090913,32.39615384615388,31.19166666666672,33.440000000000055,32.09615384615387,31.4115384615385
C215,23.77391399422314,90.34805970032087,32.39153846153852,32.4823076923077,31.11181818181825,31.708181818181856,32.880666666666684,34.23444444444448,34.06636363636369,31.885000000000048,34.061666666666724,32.90846153846155,31.03000000000003
C216,23.77391399422314,90.35704285316207,34.18166666666673,33.3869230769231,32.66538461538465,32.995454545454606,33.622000000000014,35.85000000000002,34.45833333333337,32.70166666666671,34.6357142857143,33.86076923076922,31.55666666666673
C217,23.77391399422314,90.36602600600327,34.8416666666667,33.39307692307693,32.47615384615386,33.235000000000014,33.892666666666685,35.96636363636367,34.06142857142862,33.44333333333333,34.96285714285716,34.00500000000005,31.66571428571433
C218,23.77391399422314,90.37500915884446,34.56076923076927,33.236153846153854,32.42599999999999,33.06230769230774,33.30875000000003,35.79000000000002,33.947142857142865,33.04272727272729,34.93571428571431,32.94166666666672,31.488571428571447
C219,23.77391399422314,90.38399231168566,34.33769230769235,33.123846153846216,32.24625000000003,33.000769230769265,33.03000000000003,35.59000000000003,34.150000000000034,33.02000000000004,34.83769230769235,33.08333333333337,31.544285714285763
C220,23.77391399422314,90.39297546452686,34.46692307692314,33.700000000000045,32.35400000000004,33.283846153846184,33.61533333333335,35.43000000000001,34.71153846153851,33.37666666666672,35.2392307692308,33.59666666666669,31.988571428571447
C221,23.77391399422314,90.40195861736805,35.410000000000025,34.27000000000004,32.965384615384664,33.760769230769256,34.362857142857195,35.89200000000005,35.548333333333346,34.06454545454545,35.75166666666672,34.08333333333337,32.28692307692313
C222,23.77391399422314,90.41094177020925,35.11153846153849,34.06,33.25923076923078,34.45600000000002,34.48571428571432,35.81,35.29307692307697,34.10400000000004,35.725384615384655,34.110000000000014,32.236153846153854
C223,23.77391399422314,90.41992492305044,33.804285714285754,33.38500000000005,32.85333333333335,33.05181818181825,33.81,35.34818181818184,33.392666666666685,33.21800000000002,34.428571428571445,33.28333333333336,31.694615384615417
C224,23.77391399422314,90.42890807589164,33.54428571428576,33.36500000000001,32.07727272727277,31.918571428571454,33.351538461538496,34.828181818181804,33.22066666666666,33.036,34.25142857142862,32.986666666666736,31.288461538461547
C225,23.77391399422314,90.43789122873284,33.52200000000005,32.99666666666673,31.145384615384614,31.872857142857185,32.81769230769231,34.571666666666715,33.160000000000025,33.08600000000001,34.0214285714286,32.75166666666672,31.400909090909124
C226,23.77391399422314,90.44687438157403,32.28333333333336,31.65500000000003,30.31142857142862,30.696666666666715,31.56142857142862,33.4666666666667,32.203750000000014,31.73727272727274,32.47666666666669,31.670000000000016,30.143846153846198
C227,23.77391399422314,90.45585753441522,31.091333333333353,30.853636363636383,30.047142857142887,30.135000000000048,30.894615384615406,32.682727272727334,31.711250000000007,31.02090909090913,31.912666666666667,31.07666666666671,29.634615384615415
C228,23.77391399422314,90.46484068725641,30.580666666666673,29.944545454545448,29.902307692307716,30.05000000000001,30.626666666666722,32.03000000000003,31.076250000000016,30.715454545454577,31.544285714285763,30.935000000000002,29.39833333333337
C229,23.77391399422314,90.47382384009761,29.014000000000067,29.04333333333335,28.485384615384646,28.9823076923077,29.599230769230815,29.758333333333326,30.777142857142906,29.679090909090974,31.02000000000004,30.073333333333323,28.600000000000023
C230,23.77391399422314,90.4828069929388,28.565714285714307,28.605999999999995,28.05461538461543,28.44384615384621,28.88428571428574,29.321666666666715,30.023846153846193,29.33909090909094,30.801666666666733,29.74333333333334,28.575714285714298
C231,23.764930841381943,90.33907654747968,31.548461538461538,31.324545454545444,30.477272727272748,31.00454545454545,32.10076923076923,32.86600000000004,33.173636363636376,31.384545454545446,33.2038461538462,32.08692307692314,30.539230769230812
C232,23.764930841381943,90.34805970032087,33.571666666666715,32.891428571428605,32.64000000000004,32.258333333333326,33.29266666666672,34.82000000000005,33.420769230769224,32.35363636363638,33.62538461538463,32.7392307692308,31.226363636363658
C233,23.764930841381943,90.35704285316207,34.653076923076924,33.410000000000025,33.09375000000006,33.04076923076923,33.731333333333396,35.57181818181823,34.15615384615387,33.33000000000004,34.3606666666667,33.690000000000055,31.263333333333378
C234,23.764930841381943,90.36602600600327,35.47461538461545,33.437692307692316,32.535000000000025,33.200000000000045,33.942000000000064,35.668181818181836,34.08428571428573,32.85833333333335,34.51666666666671,33.283846153846184,31.499230769230792
C235,23.764930841381943,90.37500915884446,34.57461538461541,33.13000000000005,31.992500000000007,32.559230769230794,33.17285714285714,35.13222222222225,33.70285714285717,32.6809090909091,34.660000000000025,33.166666666666686,31.57769230769236
C236,23.764930841381943,90.38399231168566,34.54846153846154,33.23333333333335,32.054285714285754,32.760769230769256,32.950000000000045,35.138000000000034,34.19142857142862,32.821666666666715,34.76538461538462,32.88833333333338,31.906923076923135
C237,23.764930841381943,90.39297546452686,34.95166666666671,33.77769230769235,32.71833333333336,33.41615384615386,33.55307692307696,35.97200000000004,35.258333333333326,33.9666666666667,35.36076923076922,33.363333333333344,31.983846153846173
C238,23.764930841381943,90.40195861736805,35.7116666666667,34.28333333333336,33.360000000000014,33.998333333333335,34.4614285714286,36.32600000000002,34.382857142857176,34.56636363636369,35.81615384615384,34.01000000000005,32.61545454545461
C239,23.764930841381943,90.41094177020925,35.55769230769232,33.83769230769235,33.662000000000035,34.202000000000055,34.79615384615386,36.02454545454549,34.3314285714286,34.0916666666667,35.5669230769231,34.01666666666671,32.09333333333336
C240,23.764930841381943,90.41992492305044,34.19857142857143,33.66500000000002,33.08090909090913,32.58076923076925,34.008461538461574,35.57727272727277,34.01142857142861,33.995454545454606,35.07000000000005,33.528333333333364,31.646363636363674
C241,23.764930841381943,90.42890807589164,34.09000000000003,33.46333333333337,32.455454545454586,32.50384615384621,33.54000000000002,35.49444444444447,33.80285714285719,33.610000000000014,34.968571428571465,33.325000000000045,31.240769230769274
C242,23.764930841381943,90.43789122873284,33.75142857142862,32.97000000000003,31.89166666666671,32.03769230769234,33.185384615384635,34.55909090909097,33.182000000000016,33.18000000000001,34.25285714285718,32.896666666666704,30.937142857142874
C243,23.764930841381943,90.44687438157403,33.140666666666675,32.19166666666672,31.55000000000001,31.608181818181833,32.0669230769231,34.25600000000003,32.12666666666672,32.58111111111111,32.883333333333326,31.968333333333362,30.459230769230828
C244,23.764930841381943,90.45585753441522,31.7114285714286,31.610000000000014,30.843333333333362,30.5266666666667,31.742307692307747,33.685555555555595,31.657500000000027,31.916666666666686,32.53266666666667,31.15833333333336,30.251666666666722
C245,23.764930841381943,90.46484068725641,30.51533333333333,30.688000000000045,29.45166666666671,29.680000000000007,30.9469230769231,30.983846153846173,31.181250000000034,31.014000000000067,31.976666666666688,30.815000000000055,29.606363636363653
C246,23.764930841381943,90.47382384009761,28.96428571428578,29.595000000000027,29.010000000000048,28.699230769230837,30.01142857142861,29.95615384615388,30.775000000000034,30.04400000000004,31.385000000000048,30.263333333333378,28.991538461538482
C247,23.764930841381943,90.4828069929388,28.42571428571432,29.027142857142906,28.261666666666713,27.93428571428575,28.99533333333335,29.579230769230833,30.230000000000018,29.83000000000004,31.060000000000002,29.973333333333358,29.10846153846154
C248,23.755947688540747,90.33907654747968,32.55166666666673,31.966666666666697,30.985000000000014,30.975000000000023,31.837142857142908,32.60400000000004,32.98454545454547,31.422727272727286,32.90076923076924,31.771538461538512,30.150000000000034
C249,23.755947688540747,90.34805970032087,33.97000000000003,32.32142857142861,31.963333333333367,32.07666666666671,32.638000000000034,34.25363636363642,33.287142857142896,32.00090909090909,33.582857142857165,32.653076923076924,30.870000000000005
C250,23.755947688540747,90.35704285316207,34.960769230769245,32.84466666666668,32.32777777777778,32.980769230769226,33.219333333333395,35.2463636363637,33.79875000000004,32.57666666666671,34.28333333333336,33.145384615384614,31.440000000000055
C251,23.755947688540747,90.36602600600327,34.94846153846157,33.00142857142862,32.29222222222228,33.12500000000006,33.31933333333336,35.52454545454549,33.83266666666668,32.92500000000001,34.55800000000005,33.38500000000005,31.595000000000027
C252,23.755947688540747,90.37500915884446,34.53923076923081,32.937142857142874,31.918888888888944,32.85833333333335,33.03857142857146,34.974000000000046,33.75666666666672,32.995000000000005,34.45285714285717,33.11833333333334,31.61833333333334
C253,23.755947688540747,90.38399231168566,34.81615384615384,33.52692307692314,31.978571428571456,33.076153846153886,33.42714285714288,35.428,34.60538461538465,34.09833333333336,34.6438461538462,33.13833333333338,31.723333333333358
C254,23.755947688540747,90.39297546452686,35.488461538461536,33.63000000000005,32.30000000000001,33.34692307692313,34.15428571428578,35.82200000000006,34.370000000000005,34.370000000000005,34.96384615384619,33.39000000000004,32.01727272727277
C255,23.755947688540747,90.40195861736805,35.4016666666667,33.73000000000002,32.57666666666671,33.46818181818185,34.52285714285716,35.79200000000003,33.944666666666706,34.05000000000001,35.00384615384621,33.75000000000006,32.11666666666673
C256,23.755947688540747,90.41094177020925,34.410000000000025,33.60333333333335,32.61500000000001,33.25200000000001,34.83857142857147,35.739090909090976,34.11133333333339,33.867999999999995,35.15153846153851,33.84500000000003,31.734615384615438
C257,23.755947688540747,90.41992492305044,34.74538461538464,33.81363636363636,32.29666666666668,33.666,34.66076923076923,36.32600000000002,34.18076923076927,34.01200000000006,35.61571428571432,33.96500000000003,31.56230769230774
C258,23.755947688540747,90.42890807589164,34.82857142857142,33.72636363636366,32.09545454545457,33.51545454545459,34.228461538461545,35.99600000000004,33.67133333333339,34.036,35.35714285714289,33.831666666666706,31.913333333333355
C259,23.755947688540747,90.43789122873284,34.187333333333356,33.56454545454545,31.80000000000001,32.96636363636367,33.76285714285717,35.58400000000006,33.74333333333334,33.79000000000002,34.977142857142894,33.111666666666736,31.450000000000045
C260,23.755947688540747,90.44687438157403,34.187333333333356,33.56454545454545,31.80000000000001,32.96636363636367,33.76285714285717,35.58400000000006,33.74333333333334,33.79000000000002,34.977142857142894,33.111666666666736,31.450000000000045
C261,23.755947688540747,90.45585753441522,32.713076923076926,32.44400000000002,31.185000000000002,31.513636363636408,32.84230769230771,34.55400000000003,32.462500000000034,32.85444444444448,33.8857142857143,32.331666666666706,31.078333333333376
C262,23.755947688540747,90.46484068725641,31.425384615384644,31.350000000000023,30.222727272727298,30.635454545454593,31.55000000000001,32.4666666666667,31.719333333333395,32.07666666666671,32.90384615384619,31.640000000000043,30.54272727272729
C263,23.755947688540747,90.47382384009761,30.201428571428607,30.522000000000048,29.410000000000025,29.5266666666667,30.466923076923138,31.35833333333335,31.122307692307743,30.841111111111104,31.890000000000043,31.00333333333333,29.99363636363637
C264,23.755947688540747,90.4828069929388,29.079333333333352,29.400000000000034,28.731666666666683,28.993076923076956,29.854285714285766,30.476666666666688,30.60833333333335,30.182000000000016,31.336153846153877,30.36666666666673,29.46384615384619
C265,23.755947688540747,90.49179014578,28.33000000000004,28.874285714285747,28.513636363636408,28.158000000000015,29.237692307692328,29.893076923076933,30.304285714285754,29.950000000000045,31.213076923076926,30.170000000000016,29.36666666666673
C266,23.74696453569955,90.34805970032087,32.831538461538514,31.99166666666673,30.45461538461541,31.111538461538487,31.55266666666671,32.53000000000003,32.58333333333337,31.051666666666733,32.88714285714292,31.93153846153848,30.51909090909095
C267,23.74696453569955,90.35704285316207,33.591538461538505,31.940769230769263,31.338000000000022,31.690000000000055,32.12571428571431,32.870000000000005,33.45615384615388,31.367999999999995,33.477142857142894,32.339230769230824,30.998333333333335
C268,23.74696453569955,90.36602600600327,34.47285714285715,32.8869230769231,31.821764705882345,32.83333333333337,32.832857142857165,34.62272727272733,33.53933333333339,32.63666666666671,34.28200000000004,33.000769230769265,31.4616666666667
C269,23.74696453569955,90.37500915884446,34.874615384615424,33.01461538461541,31.624117647058824,33.228461538461545,33.197142857142865,35.99000000000001,33.00000000000006,33.59000000000003,34.63000000000005,33.44833333333332,31.521666666666704
C270,23.74696453569955,90.38399231168566,34.83333333333337,32.89153846153852,31.427333333333365,32.928461538461534,33.24857142857144,35.38200000000006,32.76866666666666,33.60272727272729,34.14692307692309,33.25666666666672,31.17500000000001
C271,23.74696453569955,90.39297546452686,34.733076923076965,32.83769230769235,32.01285714285717,32.985000000000014,33.80142857142863,35.3754545454546,33.58000000000004,33.73363636363638,34.43923076923079,33.01000000000005,31.120000000000005
C272,23.74696453569955,90.40195861736805,34.39571428571429,32.44500000000005,32.30692307692311,32.960000000000036,33.79714285714289,35.397272727272764,33.01000000000005,33.60500000000002,34.22384615384618,32.88166666666672,31.025000000000034
C273,23.74696453569955,90.41094177020925,33.89000000000004,32.663333333333355,31.851666666666688,32.59000000000003,33.9457142857143,35.235454545454616,33.622857142857185,33.363333333333344,34.05285714285719,33.34818181818184,31.33333333333337
C274,23.74696453569955,90.41992492305044,34.233076923076965,32.9115384615385,31.950000000000045,32.7645454545455,34.537142857142896,35.60272727272729,33.690000000000055,33.846000000000004,34.58857142857147,33.659090909090935,31.623333333333335
C275,23.74696453569955,90.42890807589164,34.370000000000005,33.44166666666672,32.1792307692308,32.7736363636364,34.46384615384619,36.07400000000007,33.565000000000055,33.82555555555558,34.69142857142862,33.440000000000055,31.581666666666706
C276,23.74696453569955,90.43789122873284,34.410000000000025,33.22454545454548,31.986666666666736,33.09727272727275,33.78733333333338,35.902000000000044,33.672500000000014,33.384545454545446,34.870000000000005,33.26666666666671,31.877272727272725
C277,23.74696453569955,90.44687438157403,33.745714285714314,33.21600000000001,31.553076923076958,32.877272727272725,33.471333333333405,34.94818181818181,32.62222222222226,32.938000000000045,34.68000000000001,32.63833333333338,31.54666666666668
C278,23.74696453569955,90.45585753441522,32.14692307692309,32.18000000000001,30.61181818181825,31.102727272727293,32.47428571428577,33.35000000000002,31.971250000000055,32.12800000000004,33.500769230769265,31.885000000000048,31.220000000000027
C279,23.74696453569955,90.46484068725641,30.95428571428573,30.762727272727318,29.51600000000002,30.100909090909113,31.191538461538528,32.13833333333338,31.482000000000028,31.81222222222226,32.400000000000034,31.271666666666704,30.340909090909122
C280,23.74696453569955,90.47382384009761,29.837142857142908,29.448461538461572,29.248333333333335,29.248333333333335,30.29769230769233,31.231818181818255,30.950000000000045,30.89250000000004,31.690000000000055,30.653333333333364,29.761666666666713
C281,23.74696453569955,90.4828069929388,29.44166666666672,29.235714285714323,28.899090909090944,28.740769230769274,29.80846153846153,30.630000000000052,31.091666666666697,30.432000000000016,31.340000000000032,30.345000000000027,29.53666666666669
C282,23.74696453569955,90.49179014578,28.142307692307725,29.314285714285745,28.380000000000052,28.38714285714292,29.154285714285777,30.096153846153868,30.712666666666678,30.412000000000035,31.334285714285727,30.061666666666724,29.315000000000055
C283,23.737981382858358,90.34805970032087,32.32230769230773,30.856666666666683,30.03400000000005,30.83375000000001,31.688571428571436,32.8366666666667,32.895454545454584,31.33307692307693,32.924666666666724,32.34076923076924,30.564545454545453
C284,23.737981382858358,90.35704285316207,33.740769230769274,32.24538461538464,31.214000000000055,31.53533333333337,31.923333333333346,33.64090909090913,33.725384615384655,31.416666666666686,33.67133333333339,32.76692307692309,30.953636363636406
C285,23.737981382858358,90.36602600600327,34.61615384615385,32.993076923076956,32.066250000000025,32.41266666666667,32.668666666666695,34.900909090909124,33.35533333333336,32.9616666666667,34.814285714285745,33.65833333333336,31.52000000000004
C286,23.737981382858358,90.37500915884446,35.08833333333337,33.04076923076923,32.01000000000005,32.49800000000005,33.04857142857145,35.75727272727278,33.28733333333338,33.081666666666706,34.822857142857174,32.861666666666736,31.560000000000002
C287,23.737981382858358,90.38399231168566,34.56833333333333,32.456666666666706,31.48428571428576,32.13000000000005,32.97000000000003,35.110000000000014,33.35000000000002,33.00666666666672,34.28428571428577,32.52000000000004,31.06666666666672
C288,23.737981382858358,90.39297546452686,34.00538461538463,32.45500000000004,31.653076923076924,32.634615384615415,32.90857142857146,35.08400000000006,33.41266666666667,33.185,33.96600000000001,32.38166666666672,30.821666666666715
C289,23.737981382858358,90.40195861736805,33.90538461538466,32.13615384615383,31.321666666666715,32.34636363636366,32.85714285714289,34.954000000000065,33.85307692307697,33.05833333333334,33.555714285714316,33.146363636363674,31.03000000000003
C290,23.737981382858358,90.41094177020925,33.61461538461543,32.47000000000003,31.420000000000016,32.55727272727273,33.84000000000003,35.52800000000002,33.74285714285719,33.10333333333335,33.93285714285719,33.231818181818255,31.222727272727298
C291,23.737981382858358,90.41992492305044,33.993076923076956,33.07461538461541,31.846666666666692,32.653636363636394,34.39285714285717,35.99000000000001,33.703333333333376,33.623333333333335,34.13428571428574,33.64272727272731,31.462727272727307
C292,23.737981382858358,90.42890807589164,33.953076923076935,32.7746153846154,31.63769230769236,32.75333333333333,33.92571428571432,35.98400000000004,33.646000000000015,33.05363636363637,34.33000000000004,33.12166666666673,31.626000000000033
C293,23.737981382858358,90.43789122873284,33.68000000000001,32.01461538461541,31.410000000000025,32.113333333333344,33.160000000000025,35.28000000000003,33.35533333333336,32.63166666666672,33.72428571428577,32.50000000000006,31.138000000000034
C294,23.737981382858358,90.44687438157403,32.16384615384618,31.215454545454577,31.173333333333346,31.041666666666686,32.474000000000046,33.166666666666686,32.014705882352985,31.89500000000004,33.48384615384617,31.80000000000001,30.759090909090958
C295,23.737981382858358,90.45585753441522,31.068461538461577,31.093636363636392,29.98090909090911,30.376666666666722,31.114615384615433,32.21500000000003,31.502500000000055,31.214000000000055,32.4666666666667,31.213333333333367,30.166363636363656
C296,23.737981382858358,90.46484068725641,30.104285714285766,29.90833333333336,29.174000000000035,29.41166666666669,30.351538461538496,31.224545454545478,30.565714285714307,30.976666666666688,31.74000000000001,30.590000000000032,29.83727272727276
C297,23.737981382858358,90.47382384009761,29.9614285714286,29.646666666666704,29.404545454545485,29.13615384615383,30.114285714285757,31.073333333333323,31.173076923076962,30.967777777777826,31.419230769230808,30.58000000000004,29.723333333333358
C298,23.737981382858358,90.4828069929388,29.450000000000045,29.922307692307697,29.79333333333335,29.155714285714282,29.9715384615385,31.055000000000007,31.708571428571418,30.898888888888962,31.54142857142864,30.848181818181843,29.87833333333333
C299,23.737981382858358,90.49179014578,29.196666666666715,29.81307692307695,29.45500000000004,29.380000000000052,30.043846153846175,31.15500000000003,31.412666666666667,30.984000000000037,31.3393333333334,30.886923076923097,29.558333333333337
C300,23.737981382858358,90.5007732986212,29.451428571428607,29.74166666666673,29.91500000000002,29.868571428571443,30.33571428571429,31.395454545454584,31.631428571428614,31.200000000000045,31.48866666666669,30.96384615384619,29.663333333333355
C301,23.72899823001716,90.35704285316207,33.34538461538466,32.000769230769265,30.74875000000003,31.382857142857176,32.06466666666671,33.43833333333333,32.870000000000005,31.640000000000043,33.36200000000002,32.50000000000006,30.592857142857156
C302,23.72899823001716,90.36602600600327,34.96500000000003,32.9666666666667,31.847500000000025,32.61714285714288,33.26333333333338,34.84090909090912,33.950000000000045,32.953333333333376,34.89714285714291,33.236666666666736,31.419230769230808
C303,23.72899823001716,90.37500915884446,35.186666666666724,32.76833333333337,31.810000000000002,32.63666666666671,33.3246666666667,35.13727272727277,33.73285714285714,33.37833333333333,34.62857142857143,32.873333333333335,31.781666666666695
C304,23.72899823001716,90.38399231168566,34.77000000000004,32.575000000000045,31.58571428571429,31.775714285714287,33.22066666666666,34.57363636363641,33.55142857142863,33.01166666666671,33.94866666666667,32.531666666666695,31.24166666666673
C305,23.72899823001716,90.39297546452686,33.89615384615388,32.4616666666667,31.422307692307697,31.920769230769224,32.942000000000064,35.26200000000006,33.210000000000036,32.910000000000025,33.83000000000004,32.50500000000005,31.000000000000057
C306,23.72899823001716,90.40195861736805,33.942307692307736,32.51923076923083,31.39615384615388,32.04538461538465,33.24333333333334,35.650000000000034,33.89769230769235,33.22166666666669,34.01857142857142,33.33909090909094,31.055000000000007
C307,23.72899823001716,90.41094177020925,34.15769230769234,33.38846153846157,32.27153846153851,32.37153846153848,34.180666666666696,36.36400000000003,34.35307692307697,33.48333333333335,34.54692307692312,33.77000000000004,31.45166666666671
C308,23.72899823001716,90.41992492305044,34.39166666666671,33.25307692307695,32.23000000000002,32.39307692307693,34.414000000000044,36.28800000000001,34.450000000000045,34.03400000000005,34.52285714285716,33.541666666666686,32.25200000000001
C309,23.72899823001716,90.42890807589164,34.0423076923077,32.65153846153851,32.0069230769231,32.50230769230774,34.02200000000005,36.05000000000001,33.85666666666668,33.30000000000001,34.76500000000004,33.21500000000003,31.717272727272757
C310,23.72899823001716,90.43789122873284,32.93461538461543,31.620000000000005,31.218333333333362,31.646923076923088,32.775000000000034,34.648000000000025,31.875882352941233,32.364545454545464,33.31857142857143,32.1516666666667,30.708181818181856
C311,23.72899823001716,90.44687438157403,31.68384615384622,30.585000000000036,30.55000000000001,30.505000000000052,31.348666666666702,32.64090909090913,31.302941176470597,31.48272727272729,32.47769230769234,31.620000000000005,30.402727272727304
C312,23.72899823001716,90.45585753441522,30.86571428571432,29.930000000000007,29.932000000000016,29.755000000000052,30.56230769230774,31.54454545454547,30.876666666666722,31.117999999999995,32.49000000000001,31.113333333333344,30.11909090909097
C313,23.72899823001716,90.46484068725641,29.86714285714288,29.57000000000005,29.560909090909092,29.679090909090974,30.525384615384667,30.633333333333326,30.428571428571445,30.918571428571454,31.70500000000004,30.676666666666733,29.691818181818235
C314,23.72899823001716,90.47382384009761,30.104285714285766,30.675999999999988,29.655454545454575,29.433333333333337,30.303846153846223,30.98333333333335,31.655714285714282,31.232500000000016,31.853333333333353,31.01909090909095,30.170000000000016
C315,23.72899823001716,90.4828069929388,30.104285714285766,30.675999999999988,29.655454545454575,29.433333333333337,30.303846153846223,30.98333333333335,31.655714285714282,31.232500000000016,31.853333333333353,31.01909090909095,30.170000000000016
C316,23.72899823001716,90.49179014578,30.60142857142864,30.915999999999997,30.055000000000007,29.54076923076923,30.614615384615433,31.268333333333374,31.79533333333336,31.127777777777794,32.331666666666706,31.30666666666673,30.05909090909097
C317,23.72899823001716,90.5007732986212,30.88714285714292,30.672000000000025,30.37833333333333,30.27333333333337,31.13428571428574,31.611666666666736,31.867333333333363,31.494000000000028,32.26000000000005,31.288461538461547,30.08454545454549
C318,23.720015077175965,90.35704285316207,32.22466666666668,31.344285714285775,29.868750000000034,30.411333333333403,31.568750000000023,32.756153846153836,32.351538461538496,31.642000000000053,33.160000000000025,32.217692307692346,30.45153846153852
C319,23.720015077175965,90.36602600600327,33.72142857142859,31.834615384615404,31.380666666666684,32.02000000000004,32.80142857142863,32.82636363636368,33.50166666666672,32.23000000000002,34.08692307692314,32.77000000000004,31.013076923076937
C320,23.720015077175965,90.37500915884446,35.634615384615415,32.995000000000005,32.93533333333335,33.620000000000005,34.48866666666669,35.09181818181821,33.73153846153849,34.200909090909136,35.03428571428577,33.460000000000036,31.91285714285715
C321,23.720015077175965,90.38399231168566,36.19923076923084,33.25500000000005,33.27857142857147,33.52571428571429,33.94866666666667,35.3009090909091,33.84076923076924,33.63000000000005,35.23428571428576,33.48333333333335,31.640000000000043
C322,23.720015077175965,90.39297546452686,35.11307692307696,33.139230769230835,32.46428571428578,32.67615384615385,33.635333333333335,34.77909090909094,33.66230769230771,33.27333333333337,34.63666666666671,33.291666666666686,31.25142857142862
C323,23.720015077175965,90.40195861736805,34.66230769230771,33.09307692307692,32.25428571428574,32.418571428571454,32.995000000000005,34.377272727272725,34.29000000000002,33.13000000000005,34.44866666666667,33.85000000000002,31.1357142857143
C324,23.720015077175965,90.41094177020925,34.70692307692309,33.24846153846153,32.344285714285775,32.67153846153849,33.337500000000034,34.87909090909096,34.565000000000055,34.03000000000003,34.401428571428596,33.82272727272732,31.33571428571429
C325,23.720015077175965,90.41992492305044,35.21923076923082,33.57153846153852,32.30538461538464,32.69153846153853,34.18375000000003,35.04272727272729,34.73000000000002,34.828333333333376,34.77000000000004,34.13727272727277,31.428461538461534
C326,23.720015077175965,90.42890807589164,34.555714285714316,33.51307692307694,32.02538461538467,33.220769230769235,34.74875000000003,35.538333333333355,35.07461538461541,34.041666666666686,35.29727272727274,34.18454545454546,31.823333333333323
C327,23.720015077175965,90.43789122873284,34.90384615384619,32.839230769230824,31.77545454545458,32.653076923076924,34.033750000000055,35.864545454545464,33.18571428571431,33.06333333333333,34.41166666666669,33.51909090909095,31.39166666666671
C328,23.720015077175965,90.44687438157403,32.64285714285717,32.03000000000003,31.162727272727295,31.456666666666706,32.5358823529412,34.84636363636366,32.191333333333375,32.77000000000004,33.66538461538465,32.939090909090964,31.173076923076962
C329,23.720015077175965,90.45585753441522,32.02384615384619,31.386666666666713,31.075000000000045,31.03333333333336,31.940000000000055,33.942000000000064,31.740666666666698,32.668000000000006,34.123333333333335,32.93363636363637,31.331666666666706
C330,23.720015077175965,90.46484068725641,31.34538461538466,30.811666666666724,30.428181818181827,30.798333333333346,31.571666666666715,32.22090909090912,31.664666666666676,32.25444444444446,33.51000000000005,32.271666666666704,30.595454545454572
C331,23.720015077175965,90.47382384009761,31.264285714285734,30.831666666666706,30.57909090909095,30.49769230769232,31.29000000000002,32.26272727272732,32.594615384615395,31.887500000000045,33.173333333333346,31.963333333333367,30.324545454545444
C332,23.720015077175965,90.4828069929388,31.364285714285757,31.29400000000004,30.468000000000018,30.263846153846202,31.110000000000014,32.35000000000002,32.35857142857145,31.792500000000018,33.30000000000001,32.196666666666715,30.524000000000058
C333,23.720015077175965,90.49179014578,31.591428571428594,31.444000000000017,30.953333333333376,30.881666666666717,31.86538461538464,32.386000000000024,32.505714285714305,31.787500000000023,32.985000000000014,32.0315384615385,30.48636363636365
C334,23.720015077175965,90.5007732986212,32.122857142857185,31.613636363636374,30.971666666666692,31.150000000000034,32.19285714285718,32.57727272727277,32.68692307692311,32.147777777777776,33.16833333333335,32.17615384615385,30.637272727272773
C335,23.720015077175965,90.5097564514624,32.57000000000005,32.05000000000001,31.275714285714287,31.710000000000036,32.55285714285719,33.14333333333337,33.07307692307694,32.51727272727277,33.78333333333336,32.800769230769276,31.460909090909126
C336,23.711031924334772,90.36602600600327,34.6546153846154,32.58538461538461,31.70428571428573,32.69285714285718,32.997142857142876,33.04599999999999,33.26538461538462,32.68454545454546,34.496153846153845,33.69500000000005,31.215000000000032
C337,23.711031924334772,90.37500915884446,35.58076923076925,32.94384615384621,33.227142857142894,33.57714285714292,34.146000000000015,35.17666666666673,33.900000000000034,33.47000000000003,34.59571428571428,33.71333333333337,31.130000000000052
C338,23.711031924334772,90.38399231168566,35.77923076923082,33.31,33.19857142857143,33.051538461538485,33.57133333333337,34.44777777777779,33.52230769230772,32.58454545454549,34.156666666666695,33.60000000000002,31.11615384615385
C339,23.711031924334772,90.39297546452686,35.04000000000002,32.92285714285714,32.47533333333337,32.965384615384664,33.44500000000005,34.03000000000003,33.5423076923077,32.26833333333337,34.09400000000005,33.63500000000005,31.260769230769256
C340,23.711031924334772,90.40195861736805,35.05142857142863,32.90285714285716,32.620000000000005,32.940000000000055,33.48625000000004,34.38000000000005,34.39333333333337,32.97363636363639,33.98857142857145,33.94333333333333,31.517692307692357
C341,23.711031924334772,90.41094177020925,34.87615384615384,33.22230769230771,32.35615384615386,32.74846153846153,33.972500000000025,35.10272727272729,34.620000000000005,33.97909090909093,34.25923076923078,34.14000000000004,31.536153846153866
C342,23.711031924334772,90.41992492305044,35.01000000000005,32.987142857142885,32.79000000000002,32.76692307692309,34.360000000000014,35.085000000000036,35.081666666666706,34.51769230769236,34.55769230769232,34.190000000000055,31.40846153846155
C343,23.711031924334772,90.42890807589164,35.35714285714289,32.24000000000001,33.14333333333337,33.33615384615388,35.06375000000003,35.400000000000034,35.28666666666669,34.488461538461536,34.75769230769231,34.32636363636368,31.510000000000048
C344,23.711031924334772,90.43789122873284,35.49153846153848,32.132857142857176,33.20166666666671,33.79000000000002,34.73875000000004,35.54000000000002,33.756153846153836,34.09769230769234,35.00230769230774,34.164545454545475,32.102307692307704
C345,23.711031924334772,90.44687438157403,35.028461538461556,33.111666666666736,32.5916666666667,32.91166666666669,33.795000000000016,36.47181818181821,33.77307692307693,33.7811111111111,34.82538461538462,34.03181818181821,32.025000000000034
C346,23.711031924334772,90.45585753441522,33.75142857142862,32.870000000000005,32.57909090909095,32.08538461538461,33.61533333333335,35.855999999999995,33.50428571428574,33.467777777777826,35.10000000000002,33.7827272727273,31.95166666666671
C347,23.711031924334772,90.46484068725641,32.78142857142859,32.48000000000002,32.30454545454546,32.456666666666706,33.606923076923124,34.97800000000001,32.94142857142862,33.147500000000036,34.54076923076923,33.38166666666672,30.793076923076967
C348,23.711031924334772,90.47382384009761,32.517142857142915,33.14000000000004,32.10090909090911,31.819230769230785,32.50333333333333,34.28800000000001,34.071666666666715,32.712500000000034,34.276153846153875,33.00666666666672,30.456666666666706
C349,23.711031924334772,90.4828069929388,32.30000000000001,32.62555555555559,31.906363636363665,31.47923076923081,32.60076923076923,33.896000000000015,33.77000000000004,32.410000000000025,34.12666666666672,32.84000000000003,30.261666666666713
C350,23.711031924334772,90.49179014578,32.10714285714289,32.476,31.568333333333328,31.706666666666706,32.632857142857176,33.908000000000015,33.51153846153852,32.57750000000004,34.10000000000002,32.760769230769256,30.98636363636365
C351,23.711031924334772,90.5007732986212,32.435,32.168181818181836,31.573333333333323,31.755000000000052,32.66714285714289,33.168181818181836,33.177692307692325,32.77888888888896,34.150000000000034,32.717692307692346,31.144545454545494
C352,23.711031924334772,90.5097564514624,33.076153846153886,32.57666666666671,32.14833333333337,31.556153846153848,32.640666666666675,33.68833333333333,33.55769230769232,33.048,34.38000000000005,32.996153846153845,31.510000000000048
C353,23.702048771493576,90.41094177020925,34.98333333333335,32.43000000000001,32.20857142857142,32.35615384615386,33.61666666666673,34.35363636363638,34.22000000000003,32.815000000000055,33.66846153846154,33.685,31.231428571428637
C354,23.702048771493576,90.41992492305044,35.170000000000016,32.79933333333338,32.537142857142896,32.51461538461541,34.35375000000005,34.47307692307692,34.83833333333337,33.92166666666668,34.233076923076965,33.72000000000003,31.665384615384653
C355,23.702048771493576,90.42890807589164,35.7638461538462,33.8846666666667,33.39615384615388,33.319230769230785,34.670000000000016,35.177692307692325,35.173333333333346,34.87181818181824,34.71153846153851,34.14333333333337,31.99461538461543
C356,23.702048771493576,90.43789122873284,35.60538461538465,34.120000000000005,33.406666666666695,33.10846153846154,34.31875000000002,35.703333333333376,33.670000000000016,34.702727272727316,34.824285714285736,34.00333333333333,31.91285714285715
C357,23.702048771493576,90.44687438157403,35.374615384615424,33.73142857142864,33.55545454545461,32.5669230769231,33.80600000000004,36.54818181818183,33.74142857142863,34.160000000000025,34.985384615384646,34.11545454545461,31.962307692307718
C358,23.702048771493576,90.45585753441522,33.60142857142864,33.528461538461556,32.935454545454604,32.51307692307694,33.52866666666665,36.02636363636367,33.641428571428605,33.6957142857143,34.87307692307695,33.541666666666686,31.480769230769226
C359,23.702048771493576,90.46484068725641,32.90571428571428,32.416666666666686,32.28636363636366,32.450000000000045,33.33714285714291,35.01909090909095,34.4223076923077,33.02000000000004,34.576153846153886,33.16538461538465,30.95153846153852
C360,23.702048771493576,90.47382384009761,31.871538461538478,31.99000000000001,30.882000000000062,31.57181818181823,32.29461538461544,34.08000000000004,33.86833333333334,32.4671428571429,33.62846153846158,32.80500000000001,30.261666666666713
C361,23.702048771493576,90.4828069929388,31.757142857142867,31.970000000000027,31.376000000000033,31.355454545454563,32.32076923076926,33.60636363636365,33.706666666666706,32.39571428571429,33.45923076923083,32.53666666666669,30.397272727272764
C362,23.702048771493576,90.49179014578,31.932857142857188,32.278333333333364,31.853636363636383,32.14000000000004,32.866923076923115,34.168000000000006,34.383333333333326,32.85000000000002,34.0315384615385,32.84846153846155,31.513636363636408
C363,23.702048771493576,90.5007732986212,32.25428571428574,31.66285714285715,31.459090909090946,32.39333333333337,33.196666666666715,34.49909090909097,34.84000000000003,33.26600000000002,34.686666666666724,33.145384615384614,31.785000000000025
C364,23.69306561865238,90.41992492305044,33.826923076923094,32.398000000000025,32.410000000000025,32.02384615384619,33.24600000000004,34.07307692307694,33.950000000000045,33.110000000000014,33.602307692307704,33.166666666666686,30.80000000000001
C365,23.69306561865238,90.42890807589164,34.09769230769234,32.678,32.78733333333338,32.11307692307696,33.76066666666668,34.351538461538496,33.77285714285716,33.7746153846154,33.96384615384619,33.436666666666724,31.232857142857142
C366,23.69306561865238,90.43789122873284,35.10538461538465,33.48571428571432,33.87153846153848,33.083846153846196,34.2766666666667,35.24230769230775,34.37714285714287,34.47615384615386,34.59000000000003,33.67166666666668,32.13000000000005
C367,23.69306561865238,90.44687438157403,35.16230769230771,32.99857142857144,33.49769230769232,32.59769230769234,33.617999999999995,36.0266666666667,34.4457142857143,34.24166666666673,33.07800000000003,33.331666666666706,31.842307692307713
C368,23.69306561865238,90.45585753441522,34.07153846153852,32.72000000000003,32.874615384615424,32.008461538461574,32.887333333333345,35.321666666666715,34.10285714285715,33.50090909090909,32.9071428571429,32.76538461538462,31.27923076923082
C369,23.69306561865238,90.46484068725641,33.01153846153852,31.81933333333336,31.94384615384621,31.348333333333358,33.04000000000002,34.47000000000003,33.78428571428577,32.835000000000036,32.62714285714287,32.606923076923124,30.95153846153852
C370,23.69306561865238,90.47382384009761,31.720000000000027,29.55857142857144,31.088333333333367,31.202727272727316,32.1357142857143,34.11833333333334,33.58733333333339,32.69500000000005,33.61769230769232,32.685384615384635,30.670000000000016
C371,23.69306561865238,90.4828069929388,31.404285714285777,31.468000000000018,31.00090909090909,31.408181818181845,31.753076923076947,33.896666666666704,33.54333333333335,32.65857142857146,33.256153846153836,32.55000000000001,30.58272727272731
C372,23.684082465811187,90.42890807589164,33.94384615384621,32.31133333333338,33.054285714285754,31.723846153846182,33.11666666666673,34.00384615384621,33.50714285714287,33.134615384615415,32.60285714285715,33.19166666666672,30.61307692307696
C373,23.684082465811187,90.43789122873284,33.612857142857195,32.49133333333339,33.83000000000004,32.11153846153849,33.46285714285716,34.58538461538461,33.57142857142861,33.68833333333333,32.978571428571456,33.166666666666686,31.923846153846227
C374,23.684082465811187,90.44687438157403,33.2046666666667,32.017142857142915,33.07714285714292,31.80230769230775,32.89285714285717,35.38500000000005,32.923333333333346,33.18000000000001,32.658000000000015,32.85833333333335,31.34538461538466
C375,23.684082465811187,90.45585753441522,32.09800000000001,31.22428571428577,31.882857142857176,31.299230769230803,31.921428571428635,34.05333333333334,32.402000000000044,31.708000000000027,32.05400000000003,32.04538461538465,30.462307692307718
C376,23.684082465811187,90.46484068725641,30.751250000000027,28.917142857142892,31.105714285714328,30.77181818181822,31.76142857142861,33.03333333333336,32.23625000000004,31.782500000000027,31.638000000000034,31.459230769230828,29.823846153846205
C377,23.684082465811187,90.47382384009761,30.716250000000002,30.496666666666727,30.920769230769224,30.999090909090967,31.01923076923083,33.370000000000005,32.58375000000001,32.39500000000004,32.032857142857154,32.045000000000016,30.120000000000005
C378,23.67509931296999,90.43789122873284,32.920666666666705,31.802857142857192,32.49428571428575,30.842857142857156,32.45428571428573,33.90538461538466,32.74600000000004,32.11307692307696,31.85933333333338,32.33833333333337,30.662727272727295
C379,23.67509931296999,90.44687438157403,33.09400000000005,31.392857142857167,32.410000000000025,31.26857142857142,32.36857142857144,33.906923076923135,32.655333333333374,31.7766666666667,31.632666666666694,32.200769230769254,30.58636363636367
C380,23.67509931296999,90.45585753441522,32.00466666666671,30.701428571428607,31.441428571428617,30.36833333333334,31.334285714285727,32.736153846153854,31.756666666666717,31.33400000000006,30.963333333333367,31.393076923076933,30.07000000000005
C381,23.666116160128794,90.44687438157403,33.55857142857144,32.15769230769234,32.22466666666668,31.775000000000034,32.19857142857143,34.50454545454545,33.347500000000025,32.491818181818246,33.34200000000004,32.32333333333332,30.890000000000043
C382,23.666116160128794,90.45585753441522,32.96125000000001,31.707142857142912,31.84200000000004,31.670000000000016,32.228571428571456,34.008461538461574,33.525000000000034,32.45833333333337,33.32866666666666,32.823846153846205,31.281666666666695
